domain,n_samples,n_bonafide,n_spoof,eer,eer_threshold,min_dcf
1,98375,19864,78511,0.24098703147625145,0.9999804496765137,0.9998993153443415
2,98339,19931,78408,0.17851541361980028,0.9999430179595947,1.0
3,98280,20178,78102,0.15407963044552253,0.9999445676803589,0.9999504410744375
4,98346,19875,78471,0.14535577546614384,0.9999737739562988,1.0
5,98372,20297,78075,0.14041555302098768,0.9999792575836182,0.999950731635217
6,5815,1132,4683,0.15199137697513523,0.9999998807907104,1.0
7,5816,1123,4693,0.14959188757853298,0.9999998807907104,0.9960343354447494
8,5829,1139,4690,0.1387620719929763,0.9999998807907104,1.0
NONE,171602,35149,136453,0.10558062396379746,0.9999300241470337,0.9280617994700968
